SFH,TH
5,722
5,730
5,733
5,733
5,734
6,736
6,737
6,737
6,737
5,718
5,625
5,544
4,538
4,543
5,639
5,650
5,650
5,662
5,662
5,662
5,662
5,662
5,662
5,662
5,662
5,650
5,649
5,649
5,649
5,645
5,644
5,644
5,639
4,555
4,551
4,534
4,447
4,497
3,426
4,547
4,565
4,568
4,570
4,583
4,586
4,587
5,609
5,616
5,620
5,623
5,632
5,635
5,636
5,638
5,639
5,640
5,644
5,645
5,649
5,649
5,650
5,662
5,649
5,649
5,663
5,665
5,665
5,711
5,718
5,722
5,722
5,733
5,731
5,734
6,737
6,747
6,740
6,747
6,747
6,749
6,750
6,750
6,750
6,751
6,751
6,751
6,752
6,753
6,751
6,749
6,747
6,739
6,737
6,735
5,733
5,730
5,722
5,720
5,717
5,674
5,665
5,663
5,662
5,649
5,645
3,319
2,188
2,155
2,129
1,109
2,140
2,255
4,476
4,476
4,475
4,474
4,472
4,467
4,465
3,464
4,467
4,472
4,474
4,474
4,474
4,475
4,475
4,475
4,472
1,85
1,-19
1,-23
1,30
0,-57
1,-13
2,167
2,335
3,339
3,343
3,361
3,372
3,376
3,402
3,416
3,451
3,457
4,476
4,486
4,510
4,514
4,521
4,525
4,523
3,279
1,71
1,-22
1,-50
0,-53
1,22
2,106
3,414
3,428
3,430
3,450
3,453
3,456
3,458
4,467
4,472
4,472
4,472
4,472
4,467
4,467
4,467
4,467
3,458
3,392
2,277
2,266
2,279
2,161
2,304
3,351
3,365
3,372
3,373
3,375
3,376
3,376
3,378
3,379
3,402
3,414
3,428
3,430
3,449
3,451
3,452
3,453
3,453
3,450
3,396
3,384
3,380
3,380
3,416
3,429
3,449
3,430
3,429
3,428
3,414
3,409
3,402
3,380
3,378
3,376
3,375
3,373
3,372
3,365
3,364
3,363
3,361
3,343
2,339
2,336
2,334
2,333
2,333
2,334
2,337
2,337
2,338
3,339
2,338
2,338
2,339
2,339
3,341
3,350
3,350
3,351
3,352
3,356
3,361
3,361
3,361
3,352
3,343
2,342
2,341
2,340
2,341
3,342
3,343
3,352
3,356
3,362
3,364
3,371
3,373
3,375
3,402
3,429
3,453
3,457
4,472
4,476
4,485
4,508
4,486
2,247
2,147
1,52
1,73
1,112
1,61
1,68
3,374
3,376
3,379
3,380
3,409
3,416
3,429
3,430
3,430
3,428
3,416
3,410
3,409
3,402
3,380
3,379
3,376
1,140
0,-57
0,-97
1,13
0,-73
1,13
1,23
2,228
2,229
2,231
2,237
2,238
2,239
2,241
2,248
2,258
2,265
2,310
2,333
2,336
3,339
3,343
3,351
3,351
3,342
2,306
2,294
2,268
2,223
2,270
2,332
2,337
2,338
3,339
3,341
3,342
3,343
3,351
3,352
3,350
3,342
2,339
2,337
2,335
2,333
2,331
2,310
2,272
2,164
2,236
2,198
0,1
1,104
1,8
1,47
2,202
1,195
1,196
1,199
2,200
2,202
2,204
2,226
2,238
2,256
2,264
2,298
2,332
2,337
3,340
3,343
3,352
3,362
3,371
3,375
3,377
3,379
3,371
3,371
3,373
3,374
3,378
3,408
3,428
3,448
3,453
3,458
3,456
3,455
3,454
3,452
3,451
3,450
3,448
3,430
3,428
3,402
3,375
3,360
3,356
1,34
1,-29
1,66
2,289
2,310
2,334
2,339
3,343
3,353
3,364
3,374
3,408
3,449
3,464
4,475
4,486
4,511
4,520
4,525
4,528
4,544
4,554
4,562
4,565
4,583
4,567
4,567
4,566
4,570
4,584
4,586
5,615
5,616
5,619
5,624
5,619
5,619
4,608
4,585
4,572
4,569
4,567
4,565
4,546
4,528
4,522
4,513
4,510
4,508
4,508
4,510
4,512
4,511
4,511
4,510
4,510
4,509
4,508
4,487
4,521
4,520
4,513
4,514
4,520
4,520
4,520
4,521
4,520
4,520
4,514
4,520
4,513
4,520
4,513
4,520
4,520
4,520
4,521
4,525
4,524
4,525
4,528
4,532
4,554
4,572
4,608
5,616
5,618
5,621
5,623
5,625
5,623
3,392
3,423
4,490
3,415
2,169
3,369
3,346
4,514
4,528
4,565
4,585
5,617
5,625
5,637
5,650
5,718
5,733
6,747
6,753
6,782
6,808
6,823
6,843
6,843
5,585
4,411
4,402
3,332
3,246
3,287
4,524
6,748
6,748
6,748
6,748
6,747
6,747
6,747
6,747
6,737
5,722
5,674
5,650
5,639
5,635
5,626
5,623
5,616
4,429
3,343
2,181
2,153
1,44
2,188
2,242
3,371
3,372
3,373
3,374
3,375
3,376
3,376
3,377
3,414
3,450
3,458
4,473
4,483
4,508
4,511
4,520
4,511
3,413
3,344
2,297
2,196
2,226
2,163
2,183
3,416
3,429
3,430
3,450
3,451
3,453
3,456
3,457
3,456
3,454
3,452
3,451
3,450
3,449
3,430
3,430
3,416
3,377
3,331
2,317
2,308
2,303
2,306
2,339
3,350
3,351
3,352
3,353
3,361
3,362
3,363
3,364
3,372
3,373
3,374
3,374
3,373
3,373
3,372
3,371
3,351
0,-113
-1,-206
-1,-231
0,-154
0,3
1,99
1,37
2,199
2,203
2,225
2,228
2,230
2,238
2,240
2,248
2,262
2,310
3,339
3,343
3,361
3,371
3,375
3,378
3,372
1,45
0,-117
0,-163
0,-118
0,-156
0,-99
1,74
2,250
2,262
2,290
2,334
3,340
3,353
3,373
3,380
3,429
3,453
4,472
4,483
4,487
4,511
4,520
4,523
4,511
2,138
1,24
0,-109
0,-107
0,-129
0,-45
1,116
3,341
3,353
3,365
3,376
3,402
3,428
3,450
3,456
3,464
4,473
4,476
4,485
4,486
4,509
4,510
4,511
4,511
4,510
4,510
4,509
4,508
4,508
4,508
4,512
4,511
4,513
4,520
4,522
4,525
4,531
4,544
4,546
4,567
4,584
5,609
5,616
5,619
5,620
5,622
5,623
4,491
3,422
2,267
1,-18
1,-37
0,-83
1,34
2,148
3,374
3,376
3,377
3,378
3,380
3,402
3,408
3,410
3,410
3,414
3,416
3,416
3,417
3,417
3,428
3,428
3,416
3,408
3,380
3,377
3,376
3,374
3,374
3,375
3,377
3,376
3,376
3,371
3,363
3,362
3,352
3,350
3,356
3,364
3,343
3,341
3,339
2,339
2,339
2,338
2,335
2,306
2,237
2,197
2,219
2,222
2,225
2,258
2,262
2,265
2,264
2,272
2,290
2,310
2,331
2,332
2,337
3,343
3,363
3,373
3,376
3,380
3,408
3,409
3,380
3,312
2,260
2,251
2,256
2,269
3,326
3,360
3,374
3,376
3,379
3,380
3,409
3,416
3,430
3,430
3,430
3,430
3,428
3,428
3,430
3,417
3,416
3,414
3,380
3,336
2,278
2,250
2,245
2,261
2,299
2,303
3,339
3,342
3,351
3,356
3,363
3,372
3,375
3,377
3,410
3,448
3,454
3,457
4,472
4,474
4,476
4,476
3,281
2,138
1,-11
0,-75
0,-83
0,-56
1,143
2,300
3,362
3,372
3,376
3,380
3,410
3,429
3,450
3,453
3,456
3,464
4,473
4,474
4,476
4,476
4,484
4,484
4,475
3,434
3,421
3,388
3,390
3,410
3,421
3,455
4,467
3,464
4,473
4,475
4,483
4,486
4,508
4,511
4,513
4,520
4,522
4,522
4,523
4,523
4,524
4,523
4,522
4,520
4,514
3,410
3,375
2,261
1,59
2,203
3,430
3,451
3,455
3,464
4,474
4,484
4,508
4,512
4,522
4,532
4,565
4,568
4,572
4,585
4,586
4,586
4,584
4,444
2,133
2,99
3,297
3,407
4,510
4,520
4,487
4,532
4,547
4,567
4,583
4,587
5,616
5,620
5,624
5,633
5,636
5,639
5,640
5,644
5,649
5,649
4,434
3,293
2,198
2,87
1,37
1,31
1,92
2,164
4,476
4,509
4,520
4,528
4,554
4,583
5,609
5,620
5,632
5,639
5,664
5,718
5,722
5,730
5,733
5,734
5,635
4,555
4,445
3,356
3,325
3,227
3,216
3,262
4,422
5,626
5,634
5,638
5,644
5,650
5,665
5,717
5,711
5,711
5,674
5,674
5,665
5,665
5,665
5,665
5,650
5,602
3,297
2,204
4,447
3,427
4,438
4,565
4,585
5,616
4,587
4,585
4,570
4,567
4,547
4,544
4,545
4,545
4,545
4,545
4,545
4,545
4,545
4,545
4,524
4,480
3,420
3,382
3,360
3,356
3,387
3,422
3,464
4,475
4,483
4,486
4,509
4,520
4,520
4,523
4,528
4,545
4,566
4,568
4,572
4,584
4,586
4,586
4,568
4,472
4,430
3,410
3,378
3,369
3,374
3,382
4,452
4,511
4,514
4,522
4,525
4,531
4,545
4,554
4,566
4,568
4,570
4,572
4,583
4,584
4,585
4,584
4,549
4,448
3,411
3,368
3,351
3,348
3,353
3,362
3,423
4,476
4,485
4,486
4,509
4,511
4,513
4,520
4,523
4,525
4,531
4,532
4,544
4,544
4,544
4,532
2,190
1,31
1,21
2,185
3,281
3,377
3,320
3,413
3,456
4,473
4,473
4,474
4,475
4,476
4,476
4,483
4,485
4,508
4,487
4,508
4,508
4,508
4,508
4,487
4,485
4,476
4,474
4,472
3,465
2,140
2,148
2,178
2,238
3,380
3,416
3,448
3,453
3,458
4,474
4,484
4,514
4,544
4,583
5,609
5,620
5,624
5,633
5,633
2,221
1,48
1,-61
0,-127
0,-169
0,-177
0,-144
1,-56
1,107
3,456
3,464
4,474
4,483
4,487
4,511
4,514
4,514
4,513
4,512
4,512
4,511
4,511
4,510
4,509
4,486
4,476
3,439
3,459
3,423
1,54
1,-32
1,44
2,156
3,364
3,371
3,374
3,376
3,378
3,380
3,408
3,428
3,449
3,454
3,456
3,464
4,467
4,473
4,472
3,457
3,420
3,413
3,369
3,376
1,46
1,47
1,78
2,185
3,371
3,375
3,378
3,402
3,416
3,430
3,450
3,452
3,456
3,458
4,465
4,472
4,473
4,474
4,474
4,473
3,458
3,456
3,455
3,448
2,104
1,95
2,162
2,226
3,376
3,378
3,380
3,408
3,414
3,417
3,430
3,449
3,451
3,453
3,454
3,455
3,456
3,456
3,454
3,321
2,268
2,151
1,88
1,58
1,56
1,80
1,150
2,227
2,310
2,334
3,340
3,352
3,371
3,377
3,409
3,448
3,456
4,474
4,484
4,487
4,511
4,513
4,511
2,188
1,83
1,22
0,-62
0,-130
0,-135
1,-30
1,64
2,229
3,350
3,362
3,372
3,377
3,402
3,417
3,448
3,451
3,453
3,456
3,457
3,464
4,465
4,467
3,457
2,110
1,15
0,-162
0,-151
0,-99
0,-80
0,7
1,27
1,134
2,261
2,263
2,272
2,290
2,310
2,332
2,334
2,337
2,339
3,340
3,342
3,343
3,343
3,350
3,342
2,297
2,166
1,136
1,117
1,91
1,93
1,101
1,135
1,193
2,238
2,241
2,256
2,259
2,263
2,289
2,310
2,334
2,337
3,340
3,342
3,343
3,350
3,352
3,343
2,213
1,100
1,34
0,-8
0,0
0,0
0,0
0,0
0,0
1,194
1,199
2,203
2,228
2,238
2,248
2,258
2,264
2,310
2,337
3,341
3,351
3,356
3,364
3,364
3,373
3,362
3,361
3,361
3,362
1,132
2,144
2,228
2,237
2,337
2,338
3,339
3,341
3,342
3,343
3,351
3,343
3,341
2,338
2,337
2,334
2,333
2,331
2,290
2,158
1,100
1,99
0,0
0,0
0,0
0,0
0,0
0,0
0,0
0,0
1,193
1,199
2,204
2,228
2,239
2,263
2,336
3,364
3,378
3,417
3,450
3,456
3,453
2,183
1,53
0,-81
0,-38
1,22
0,-117
0,-145
0,-120
1,31
2,331
3,339
3,361
3,376
3,416
3,451
4,467
4,475
4,484
4,486
4,508
4,510
4,511
4,511
4,511
4,511
4,480
3,437
3,398
3,420
2,141
2,106
2,131
2,197
3,377
3,380
3,409
3,416
3,429
3,448
3,451
3,454
3,456
3,464
4,467
4,472
4,473
4,474
4,473
4,472
3,465
3,464
3,457
3,451
2,235
2,236
2,304
3,318
3,417
3,448
3,451
3,456
4,467
4,486
4,487
4,520
4,524
4,545
4,554
4,568
4,572
4,583
4,569
4,568
4,530
4,462
4,457
4,428
4,426
4,425
4,431
4,487
4,531
4,544
4,545
4,547
4,565
4,568
4,569
4,568
4,567
4,565
4,565
4,554
4,547
4,546
4,528
3,320
3,279
3,355
3,451
3,339
2,202
2,180
2,178
2,178
3,380
3,428
3,451
3,456
4,474
4,486
4,512
4,525
4,565
4,586
5,616
5,620
5,623
5,623
4,478
3,301
3,292
2,152
2,131
2,140
2,292
2,162
1,28
2,126
3,465
4,476
4,487
4,513
4,523
4,544
4,566
4,570
4,585
4,608
5,615
5,616
5,617
5,617
3,393
2,202
2,187
2,154
2,111
1,80
1,73
1,41
2,106
2,192
3,430
3,451
3,455
3,464
4,473
4,476
4,486
4,509
4,511
4,514
4,520
4,521
4,521
4,521
3,418
3,376
2,259
2,202
2,106
1,-51
1,133
2,247
3,364
3,284
3,402
3,414
3,429
3,449
3,452
3,456
4,465
4,475
4,486
4,511
4,513
4,520
4,522
4,522
3,406
3,370
3,353
3,356
3,419
1,-11
2,116
2,208
3,375
3,429
3,451
3,454
3,456
3,464
4,472
4,475
4,483
4,485
4,487
4,509
4,510
4,511
4,511
4,511
3,383
3,439
4,473
2,227
2,221
2,216
1,20
1,14
2,160
1,113
3,350
3,361
3,371
3,375
3,379
3,408
3,417
3,448
3,452
3,456
3,464
4,467
4,474
4,473
4,467
3,464
3,456
3,392
3,418
3,389
1,-21
0,-120
0,-125
0,-82
3,342
3,351
3,361
3,364
3,373
3,376
3,380
3,409
3,417
3,448
3,450
3,451
3,452
3,451
3,452
3,448
3,384
3,318
3,286
3,288
1,-39
0,-73
0,-98
1,13
2,331
2,336
3,340
3,350
3,362
3,372
3,377
3,408
3,429
3,451
3,454
3,456
3,464
3,464
3,409
2,312
2,176
2,145
1,105
1,1
1,0
1,62
1,68
1,163
2,309
2,336
3,350
3,365
3,379
3,417
3,451
3,464
4,484
4,511
4,520
4,525
4,531
4,531
2,233
1,50
0,-101
0,-175
0,-251
-1,-274
-1,-279
-1,-251
0,-184
0,-67
2,309
2,337
3,351
3,372
3,402
3,430
3,456
4,474
4,487
4,520
4,523
4,531
4,544
4,544
3,244
2,97
1,-55
0,-137
0,-198
0,-216
-1,-220
0,-181
0,-179
0,-35
2,155
3,342
3,363
3,378
3,417
3,452
4,467
4,484
4,511
4,525
4,532
4,547
4,567
4,567
3,387
2,220
2,149
1,54
1,-14
0,-64
0,-108
0,-70
1,-12
1,47
2,161
3,376
3,380
3,409
3,417
3,430
3,450
3,450
3,451
3,451
3,451
3,451
3,451
3,451
3,417
3,294
2,247
2,228
2,228
1,152
2,161
2,168
2,175
2,190
2,310
2,337
2,339
3,342
3,343
3,352
3,361
3,365
3,372
3,375
3,376
3,377
3,377
3,376
2,256
2,146
1,76
1,68
1,-27
1,34
1,124
2,199
2,257
2,229
2,278
2,310
2,335
2,338
3,342
3,351
3,362
3,373
3,379
3,410
3,428
3,430
3,449
3,449
3,430
3,374
2,277
2,176
1,78
1,56
1,68
1,43
0,-83
1,-23
1,69
2,272
2,309
2,333
2,337
3,341
3,351
3,356
3,364
3,373
3,374
3,376
3,377
3,376
2,239
1,-3
-1,-234
0,0
0,0
0,0
0,0
0,0
0,0
0,0
0,0
1,195
2,199
2,225
2,230
2,240
2,256
2,261
2,278
2,310
2,333
2,336
2,338
2,335
1,98
1,42
0,-107
0,0
0,0
0,0
0,0
0,0
0,0
0,0
0,0
0,0
0,0
1,195
2,204
2,231
2,249
2,261
2,289
2,334
2,337
3,340
3,343
3,341
1,-8
0,-150
0,-105
0,0
0,0
0,0
0,0
0,0
0,0
0,0
0,0
1,186
2,200
2,229
2,249
2,263
2,331
3,339
3,361
3,377
3,408
3,428
3,449
3,430
2,166
1,38
0,-106
0,-173
-1,-225
0,0
0,0
0,0
0,0
0,0
1,15
2,238
2,248
2,258
2,262
2,272
2,309
2,309
2,310
2,309
2,309
2,309
2,309
2,290
2,263
2,224
2,163
1,147
1,133
1,136
1,114
1,119
1,170
1,223
2,231
2,238
2,249
2,262
2,262
2,264
2,289
2,332
2,338
3,350
3,356
3,365
3,372
3,364
2,243
1,96
1,60
0,22
0,-25
0,-73
0,0
0,0
0,0
1,100
1,169
2,238
2,250
2,262
2,289
2,333
2,339
3,343
3,361
3,372
3,375
3,377
3,379
3,378
3,329
2,172
1,102
1,97
1,62
1,152
2,162
2,163
2,224
2,290
2,334
2,336
3,341
3,353
3,371
3,376
3,408
3,428
3,451
3,456
3,464
4,472
4,475
3,464
1,78
0,-56
0,-172
-1,-273
0,0
0,0
0,0
0,0
0,0
0,0
1,42
2,238
2,250
2,261
2,289
2,332
2,338
3,342
3,353
3,364
3,372
3,375
3,376
3,373
2,312
2,239
2,173
1,93
1,66
1,56
1,40
1,69
1,132
1,146
2,216
2,261
2,265
2,298
2,333
2,337
3,341
3,350
3,356
3,363
3,365
3,372
3,373
3,356
2,253
2,219
1,62
2,146
1,37
0,-33
0,0
0,0
0,0
0,0
0,0
0,0
1,193
2,202
2,237
2,257
2,272
2,336
3,361
3,375
3,402
3,417
3,428
3,317
2,175
1,144
1,84
0,-44
0,-59
0,-94
0,-92
0,-7
1,15
1,96
2,207
2,259
2,290
2,335
3,343
3,371
3,380
3,414
3,430
3,450
3,452
3,454
3,455
3,416
3,305
2,260
2,164
2,167
1,82
1,71
1,56
1,112
1,145
2,168
2,233
2,331
2,336
3,340
3,350
3,362
3,372
3,375
3,378
3,379
3,408
3,402
3,380
3,378
3,376
3,373
3,331
2,320
2,293
2,285
1,-31
0,-47
0,-37
1,1
1,56
2,248
2,257
2,261
2,264
2,290
2,310
2,336
3,341
3,350
3,353
3,362
3,362
3,352
2,307
2,303
2,193
1,69
1,26
0,9
1,27
1,38
1,104
1,193
2,237
2,249
2,259
2,264
2,298
2,333
2,338
3,342
3,353
3,362
3,365
3,372
3,373
2,156
1,6
0,-144
-1,-220
0,0
0,0
0,0
0,0
0,0
0,0
0,0
0,0
0,0
0,0
1,194
2,204
2,238
2,258
2,278
2,334
2,338
3,343
3,352
3,352
2,235
1,129
1,-24
1,35
0,-93
0,0
0,0
0,0
0,0
0,0
0,0
0,0
0,0
0,0
2,201
2,238
2,260
2,310
3,340
3,364
3,376
3,402
3,416
3,417
2,270
2,161
1,47
1,-38
0,-75
0,-150
0,-179
-1,-166
0,-135
0,-104
0,-30
1,52
2,248
2,258
2,263
2,298
2,333
2,338
2,338
2,338
2,338
2,338
2,337
2,339
2,299
2,177
2,155
1,122
0,11
0,0
0,0
0,0
0,0
0,0
0,0
0,0
1,194
2,202
2,231
2,250
2,264
2,331
3,342
3,372
3,378
3,410
3,430
3,430
2,101
0,-77
0,-242
-1,-252
-1,-220
-1,-207
0,0
0,0
0,0
0,0
0,0
1,12
2,237
2,258
2,289
2,336
3,352
3,376
3,380
3,416
3,430
3,449
3,451
3,451
2,217
1,56
0,-57
0,-152
-1,-261
0,0
0,0
0,0
0,0
0,0
0,0
0,0
1,195
2,204
2,238
2,258
2,278
2,334
3,342
3,362
3,372
3,376
3,379
3,379
2,175
1,37
0,-173
-1,-229
0,0
0,0
0,0
0,0
0,0
0,0
0,0
0,0
1,199
2,228
2,248
2,262
2,310
2,338
3,351
3,371
3,376
3,380
3,409
3,409
2,134
1,-22
0,-162
-1,-279
0,0
0,0
0,0
0,0
0,0
0,0
0,0
0,0
0,0
1,194
2,202
2,231
2,250
2,263
2,290
2,333
2,335
2,339
3,341
3,341
2,333
2,259
2,181
1,156
1,94
1,73
1,55
1,70
1,118
1,132
1,144
2,207
2,257
2,258
2,259
2,263
2,262
2,264
2,262
2,262
2,261
2,259
2,258
2,258
2,248
2,201
1,113
1,100
0,0
0,0
0,0
0,0
0,0
0,0
0,0
0,0
0,0
0,0
1,197
2,204
2,228
2,240
2,265
2,339
3,353
3,374
3,380
3,380
1,64
0,-108
-1,-225
-1,-316
0,0
0,0
0,0
0,0
0,0
0,0
0,0
0,0
0,0
2,201
2,231
2,258
2,290
2,337
0,0
0,0
0,0
0,0
0,0
0,0
0,0
0,0
0,0
0,0
0,0
0,0
0,0
0,0
0,0
0,0
0,0
0,0
0,0
0,0
0,0
0,0
0,0
0,0
2,265
2,334
3,340
3,352
3,363
3,363
2,150
0,-65
0,-191
-1,-239
0,0
0,0
0,0
0,0
0,0
0,0
0,0
0,0
0,0
1,199
2,229
2,257
2,289
2,338
3,343
3,364
3,373
3,377
3,380
3,379
1,112
2,143
-1,-226
-1,-330
0,0
0,0
0,0
0,0
0,0
0,0
0,0
1,195
2,226
2,240
2,261
2,310
3,339
3,362
3,376
3,410
3,429
3,450
3,453
3,452
2,225
1,-35
2,202
2,243
2,229
2,277
2,230
2,161
2,234
1,140
2,241
2,309
3,356
3,376
3,410
3,451
4,465
4,487
4,510
4,520
4,523
4,525
4,531
4,525
3,422
3,382
2,235
2,176
2,171
2,160
1,71
1,127
1,103
1,1
1,119
2,303
3,352
3,374
3,376
3,379
3,402
3,410
3,414
3,417
3,417
3,428
3,428
3,416
3,341
2,259
2,247
2,123
1,90
1,63
1,84
1,50
1,25
1,121
1,153
2,257
2,264
2,309
2,334
3,339
3,342
3,352
3,364
3,374
3,378
3,379
3,380
3,380
3,377
3,304
1,138
1,89
1,151
2,228
2,167
1,21
0,-66
1,34
0,-38
1,40
1,103
2,257
2,278
2,335
3,351
3,375
3,410
3,451
3,456
4,467
4,475
4,472
2,150
2,168
1,47
1,34
0,-64
0,-178
0,-191
-1,-217
0,-121
2,207
2,169
2,309
2,337
3,352
3,365
3,377
3,408
3,429
3,450
3,454
3,456
3,464
4,467
3,457
3,420
3,311
2,161
1,36
1,-14
1,-11
1,2
1,82
1,37
0,-63
1,42
1,36
1,95
2,298
2,334
3,340
3,353
3,372
3,376
3,380
3,402
3,410
3,414
3,380
1,61
0,-129
0,-193
0,-71
0,-74
0,6
0,-7
1,36
1,96
2,206
2,258
2,272
2,332
2,338
2,339
3,339
3,340
3,342
0,0
0,0
0,0
0,0
0,0
0,0
0,0
0,0
0,0
0,0
0,0
0,0
0,0
0,0
0,0
0,0
0,0
0,0
0,0
0,0
0,0
0,0
0,0
0,0
0,0
0,0
0,0
0,0
0,0
0,0
0,0
0,0
0,0
0,0
0,0
0,0
0,0
0,0
0,0
0,0
0,0
0,0
0,0
0,0
0,0
0,0
0,0
0,0
2,263
2,339
3,356
3,373
3,374
2,258
1,47
0,-123
-1,-229
0,0
0,0
0,0
0,0
0,0
0,0
0,0
0,0
0,0
0,0
0,0
0,0
2,202
2,241
2,265
0,0
0,0
0,0
0,0
0,0
0,0
0,0
0,0
0,0
0,0
0,0
0,0
0,0
0,0
0,0
0,0
0,0
0,0
0,0
0,0
0,0
0,0
0,0
0,0
0,0
0,0
0,0
0,0
0,0
0,0
0,0
0,0
0,0
0,0
0,0
0,0
0,0
0,0
0,0
0,0
0,0
0,0
0,0
0,0
0,0
0,0
0,0
0,0
0,0
0,0
0,0
0,0
0,0
0,0
0,0
0,0
0,0
0,0
0,0
0,0
0,0
0,0
0,0
0,0
0,0
0,0
0,0
0,0
0,0
0,0
0,0
0,0
0,0
0,0
0,0
0,0
0,0
0,0
0,0
0,0
0,0
0,0
0,0
0,0
0,0
0,0
0,0
0,0
0,0
0,0
0,0
0,0
0,0
0,0
0,0
0,0
0,0
0,0
0,0
0,0
0,0
0,0
0,0
0,0
0,0
0,0
0,0
0,0
0,0
0,0
0,0
0,0
0,0
0,0
0,0
0,0
0,0
0,0
0,0
0,0
0,0
0,0
0,0
0,0
0,0
0,0
0,0
0,0
0,0
0,0
0,0
0,0
0,0
0,0
0,0
0,0
0,0
0,0
0,0
0,0
0,0
0,0
0,0
0,0
1,195
2,227
2,257
2,262
2,262
2,260
2,172
1,100
1,20
1,10
0,0
0,0
0,0
0,0
0,0
0,0
0,0
0,0
1,163
2,202
2,228
2,241
2,259
2,278
0,0
0,0
0,0
0,0
0,0
0,0
0,0
0,0
0,0
0,0
0,0
0,0
0,0
0,0
0,0
0,0
0,0
0,0
0,0
0,0
0,0
0,0
0,0
0,0
0,0
0,0
0,0
0,0
0,0
0,0
0,0
0,0
0,0
0,0
0,0
0,0
0,0
0,0
0,0
0,0
0,0
0,0
0,0
0,0
0,0
0,0
0,0
0,0
0,0
0,0
0,0
0,0
0,0
0,0
0,0
0,0
0,0
0,0
0,0
0,0
0,0
0,0
0,0
0,0
0,0
0,0
0,0
0,0
0,0
0,0
0,0
0,0
0,0
0,0
0,0
0,0
0,0
0,0
0,0
0,0
0,0
0,0
0,0
0,0
0,0
0,0
0,0
0,0
0,0
0,0
0,0
0,0
0,0
0,0
0,0
0,0
0,0
0,0
0,0
0,0
0,0
0,0
0,0
0,0
0,0
0,0
0,0
0,0
0,0
0,0
0,0
0,0
0,0
0,0
0,0
0,0
0,0
0,0
0,0
0,0
0,0
0,0
0,0
0,0
0,0
0,0
0,0
0,0
0,0
0,0
0,0
0,0
0,0
0,0
0,0
0,0
0,0
0,0
0,0
0,0
0,0
0,0
0,0
0,0
0,0
0,0
0,0
0,0
0,0
0,0
0,0
0,0
0,0
0,0
0,0
0,0
0,0
0,0
0,0
0,0
0,0
0,0
0,0
0,0
0,0
0,0
0,0
0,0
0,0
0,0
0,0
0,0
0,0
0,0
0,0
0,0
0,0
0,0
0,0
0,0
0,0
0,0
0,0
0,0
0,0
0,0
0,0
0,0
0,0
0,0
0,0
0,0
0,0
0,0
0,0
0,0
0,0
0,0
0,0
0,0
0,0
0,0
0,0
0,0
0,0
0,0
0,0
0,0
0,0
0,0
0,0
0,0
0,0
0,0
0,0
0,0
0,0
0,0
0,0
0,0
0,0
0,0
0,0
0,0
0,0
0,0
0,0
0,0
0,0
0,0
0,0
0,0
0,0
0,0
0,0
0,0
0,0
0,0
0,0
0,0
0,0
0,0
0,0
0,0
0,0
0,0
0,0
0,0
0,0
0,0
0,0
0,0
0,0
0,0
0,0
0,0
0,0
0,0
0,0
0,0
0,0
0,0
0,0
0,0
0,0
0,0
0,0
0,0
0,0
0,0
0,0
0,0
0,0
0,0
0,0
0,0
0,0
0,0
0,0
0,0
0,0
0,0
0,0
0,0
0,0
0,0
0,0
0,0
0,0
0,0
0,0
0,0
0,0
0,0
0,0
0,0
0,0
0,0
0,0
0,0
0,0
0,0
0,0
0,0
0,0
0,0
0,0
0,0
0,0
0,0
0,0
0,0
0,0
0,0
0,0
0,0
0,0
0,0
0,0
0,0
0,0
0,0
0,0
0,0
0,0
0,0
0,0
0,0
0,0
0,0
0,0
0,0
0,0
0,0
0,0
0,0
0,0
0,0
0,0
0,0
0,0
0,0
0,0
0,0
0,0
0,0
0,0
0,0
0,0
0,0
0,0
0,0
0,0
0,0
0,0
0,0
0,0
0,0
0,0
0,0
0,0
0,0
0,0
0,0
0,0
0,0
0,0
0,0
0,0
0,0
0,0
0,0
0,0
0,0
0,0
0,0
0,0
0,0
0,0
0,0
0,0
0,0
0,0
0,0
0,0
0,0
0,0
0,0
0,0
0,0
0,0
0,0
0,0
0,0
0,0
0,0
0,0
0,0
0,0
0,0
0,0
0,0
0,0
0,0
0,0
0,0
0,0
0,0
0,0
0,0
0,0
0,0
0,0
0,0
0,0
0,0
0,0
0,0
0,0
0,0
0,0
0,0
0,0
0,0
0,0
0,0
0,0
0,0
0,0
0,0
0,0
0,0
0,0
0,0
0,0
0,0
0,0
0,0
0,0
0,0
0,0
0,0
0,0
0,0
0,0
0,0
0,0
0,0
0,0
0,0
0,0
0,0
0,0
0,0
0,0
0,0
0,0
0,0
0,0
0,0
0,0
0,0
0,0
0,0
0,0
0,0
0,0
0,0
0,0
0,0
0,0
0,0
0,0
0,0
0,0
0,0
0,0
0,0
0,0
0,0
0,0
0,0
0,0
0,0
0,0
0,0
0,0
0,0
0,0
0,0
0,0
0,0
0,0
0,0
0,0
0,0
0,0
0,0
0,0
0,0
0,0
0,0
0,0
0,0
2,229
2,259
2,278
2,331
2,331
2,167
0,-58
0,-99
0,0
0,0
0,0
0,0
0,0
0,0
0,0
0,0
0,0
0,0
0,0
0,0
1,186
2,228
2,261
2,337
3,352
3,376
3,402
3,416
3,409
1,85
0,-29
0,-168
-1,-232
0,0
0,0
0,0
0,0
0,0
0,0
0,0
0,0
0,0
0,0
0,0
1,186
2,227
2,258
2,333
0,0
0,0
0,0
0,0
0,0
0,0
0,0
0,0
0,0
0,0
0,0
0,0
0,0
0,0
0,0
0,0
0,0
0,0
0,0
0,0
0,0
0,0
0,0
0,0
2,337
3,361
3,374
3,379
3,376
1,111
1,-46
0,-163
-1,-237
0,0
0,0
0,0
0,0
0,0
0,0
0,0
0,0
0,0
0,0
0,0
0,0
2,203
2,249
2,298
0,0
0,0
0,0
0,0
0,0
0,0
0,0
0,0
0,0
0,0
0,0
0,0
0,0
0,0
0,0
0,0
0,0
0,0
0,0
0,0
0,0
0,0
0,0
0,0
2,259
2,265
2,289
2,309
2,298
2,278
2,206
2,167
1,137
1,132
1,118
1,12
1,43
1,88
1,103
1,167
1,113
1,191
1,224
2,237
2,240
2,262
2,310
2,339
3,362
3,380
3,417
3,448
3,428
2,197
2,185
2,161
1,-22
1,-7
0,-36
-1,-198
0,0
0,0
0,0
0,0
0,0
0,0
1,162
2,225
2,240
2,264
2,336
3,362
3,376
3,416
3,449
3,453
3,450
2,114
1,13
0,-153
-1,-234
-1,-287
0,0
0,0
0,0
0,0
0,0
0,0
0,0
0,0
0,0
0,0
2,200
2,238
2,262
2,334
0,0
0,0
0,0
0,0
0,0
0,0
0,0
0,0
0,0
0,0
0,0
0,0
0,0
0,0
0,0
0,0
0,0
0,0
0,0
0,0
0,0
0,0
0,0
0,0
2,264
3,339
3,375
3,376
3,276
2,149
1,13
0,-62
0,-150
-1,-199
0,0
0,0
0,0
0,0
0,0
0,0
0,0
0,0
0,0
0,0
0,0
1,199
2,230
2,258
2,262
2,278
2,310
2,310
2,309
2,172
1,53
1,118
1,34
1,39
0,0
0,0
0,0
0,0
0,0
0,0
0,0
0,0
0,0
0,0
0,0
0,0
2,199
2,237
0,0
0,0
0,0
0,0
0,0
0,0
0,0
0,0
0,0
0,0
0,0
0,0
0,0
0,0
0,0
0,0
0,0
0,0
0,0
0,0
0,0
0,0
0,0
0,0
0,0
0,0
0,0
0,0
0,0
0,0
0,0
0,0
0,0
0,0
0,0
0,0
0,0
0,0
0,0
0,0
0,0
0,0
0,0
0,0
0,0
0,0
0,0
0,0
0,0
0,0
0,0
0,0
0,0
0,0
0,0
0,0
0,0
0,0
0,0
0,0
0,0
0,0
0,0
0,0
0,0
0,0
0,0
0,0
0,0
0,0
0,0
0,0
0,0
0,0
0,0
0,0
0,0
0,0
0,0
0,0
0,0
0,0
0,0
0,0
0,0
0,0
0,0
0,0
0,0
0,0
0,0
0,0
0,0
0,0
0,0
0,0
0,0
0,0
0,0
0,0
0,0
0,0
0,0
0,0
0,0
0,0
0,0
0,0
0,0
0,0
0,0
0,0
0,0
0,0
0,0
0,0
0,0
0,0
0,0
0,0
0,0
0,0
0,0
0,0
0,0
0,0
0,0
0,0
0,0
0,0
0,0
0,0
0,0
0,0
0,0
0,0
0,0
0,0
0,0
0,0
0,0
0,0
0,0
0,0
0,0
0,0
0,0
0,0
0,0
0,0
0,0
0,0
0,0
0,0
0,0
0,0
0,0
0,0
0,0
0,0
0,0
0,0
0,0
0,0
0,0
0,0
0,0
0,0
0,0
0,0
0,0
0,0
0,0
0,0
0,0
0,0
0,0
0,0
0,0
0,0
0,0
0,0
0,0
0,0
0,0
0,0
0,0
0,0
0,0
0,0
0,0
0,0
0,0
0,0
0,0
0,0
0,0
0,0
0,0
0,0
0,0
0,0
0,0
0,0
0,0
0,0
0,0
0,0
0,0
0,0
0,0
0,0
0,0
0,0
0,0
0,0
0,0
0,0
0,0
0,0
0,0
0,0
0,0
0,0
0,0
0,0
0,0
0,0
0,0
0,0
0,0
0,0
0,0
0,0
0,0
0,0
0,0
0,0
0,0
0,0
0,0
0,0
0,0
0,0
0,0
0,0
0,0
0,0
0,0
0,0
0,0
0,0
0,0
0,0
0,0
0,0
0,0
0,0
0,0
0,0
0,0
0,0
0,0
0,0
0,0
0,0
0,0
0,0
0,0
0,0
0,0
0,0
0,0
0,0
0,0
0,0
0,0
0,0
0,0
0,0
0,0
0,0
0,0
0,0
0,0
0,0
0,0
0,0
0,0
0,0
0,0
0,0
0,0
0,0
0,0
0,0
0,0
0,0
0,0
0,0
0,0
0,0
0,0
0,0
0,0
0,0
0,0
0,0
0,0
0,0
0,0
0,0
0,0
0,0
0,0
0,0
0,0
0,0
0,0
0,0
0,0
0,0
0,0
0,0
0,0
0,0
0,0
0,0
0,0
0,0
0,0
0,0
0,0
0,0
0,0
0,0
0,0
0,0
0,0
0,0
0,0
0,0
0,0
0,0
0,0
0,0
0,0
0,0
0,0
0,0
0,0
0,0
0,0
0,0
0,0
0,0
0,0
0,0
0,0
0,0
0,0
0,0
0,0
0,0
0,0
0,0
0,0
0,0
0,0
0,0
0,0
0,0
0,0
0,0
0,0
0,0
0,0
0,0
0,0
0,0
0,0
0,0
0,0
0,0
0,0
0,0
0,0
0,0
0,0
0,0
0,0
0,0
0,0
0,0
0,0
0,0
0,0
0,0
0,0
0,0
0,0
0,0
0,0
0,0
0,0
0,0
0,0
0,0
0,0
0,0
0,0
0,0
0,0
0,0
0,0
0,0
0,0
0,0
0,0
0,0
0,0
0,0
0,0
0,0
0,0
0,0
0,0
0,0
0,0
0,0
0,0
0,0
0,0
0,0
0,0
0,0
0,0
0,0
0,0
0,0
0,0
0,0
0,0
0,0
0,0
0,0
0,0
0,0
0,0
0,0
0,0
0,0
0,0
0,0
0,0
0,0
0,0
0,0
0,0
0,0
0,0
0,0
0,0
0,0
0,0
0,0
0,0
0,0
0,0
0,0
0,0
0,0
0,0
0,0
0,0
0,0
0,0
0,0
0,0
0,0
0,0
0,0
0,0
0,0
0,0
0,0
0,0
0,0
0,0
0,0
0,0
0,0
0,0
0,0
0,0
0,0
0,0
0,0
0,0
0,0
0,0
0,0
0,0
0,0
0,0
0,0
0,0
0,0
0,0
0,0
0,0
0,0
0,0
0,0
0,0
0,0
0,0
0,0
0,0
0,0
0,0
0,0
0,0
0,0
0,0
0,0
0,0
0,0
0,0
0,0
0,0
0,0
0,0
0,0
0,0
0,0
0,0
0,0
0,0
0,0
0,0
0,0
0,0
0,0
0,0
0,0
0,0
0,0
0,0
0,0
0,0
0,0
0,0
0,0
0,0
0,0
0,0
0,0
0,0
0,0
0,0
0,0
0,0
0,0
0,0
0,0
0,0
0,0
0,0
0,0
0,0
0,0
0,0
0,0
0,0
0,0
0,0
0,0
0,0
0,0
0,0
0,0
0,0
0,0
0,0
0,0
0,0
0,0
0,0
0,0
0,0
0,0
0,0
0,0
0,0
0,0
0,0
0,0
0,0
0,0
0,0
0,0
0,0
0,0
0,0
0,0
0,0
0,0
0,0
0,0
0,0
0,0
0,0
0,0
0,0
0,0
0,0
0,0
0,0
0,0
0,0
0,0
0,0
0,0
0,0
0,0
0,0
0,0
0,0
0,0
0,0
0,0
0,0
0,0
0,0
0,0
0,0
0,0
0,0
0,0
0,0
0,0
0,0
0,0
0,0
0,0
0,0
0,0
0,0
0,0
0,0
0,0
0,0
0,0
0,0
0,0
0,0
0,0
0,0
0,0
0,0
0,0
0,0
0,0
0,0
0,0
0,0
0,0
0,0
0,0
0,0
0,0
0,0
0,0
0,0
0,0
0,0
0,0
0,0
0,0
0,0
0,0
0,0
0,0
0,0
0,0
0,0
0,0
0,0
0,0
0,0
0,0
0,0
0,0
0,0
0,0
0,0
0,0
0,0
0,0
0,0
0,0
0,0
0,0
0,0
0,0
0,0
0,0
0,0
0,0
0,0
0,0
0,0
0,0
0,0
0,0
0,0
0,0
0,0
0,0
0,0
0,0
0,0
0,0
0,0
0,0
0,0
0,0
0,0
0,0
0,0
0,0
0,0
0,0
0,0
0,0
0,0
0,0
0,0
0,0
0,0
0,0
0,0
0,0
0,0
0,0
0,0
0,0
0,0
0,0
0,0
0,0
0,0
0,0
0,0
0,0
0,0
0,0
0,0
0,0
0,0
0,0
0,0
0,0
0,0
0,0
0,0
0,0
0,0
0,0
0,0
0,0
0,0
0,0
0,0
0,0
0,0
0,0
0,0
0,0
0,0
0,0
0,0
0,0
0,0
0,0
0,0
0,0
0,0
0,0
0,0
0,0
0,0
0,0
0,0
0,0
0,0
0,0
0,0
0,0
0,0
0,0
0,0
0,0
0,0
0,0
0,0
0,0
0,0
0,0
0,0
0,0
0,0
0,0
0,0
0,0
0,0
0,0
0,0
0,0
0,0
0,0
0,0
0,0
0,0
0,0
0,0
0,0
0,0
0,0
0,0
0,0
0,0
0,0
0,0
0,0
0,0
0,0
0,0
0,0
0,0
0,0
0,0
0,0
0,0
0,0
0,0
0,0
0,0
0,0
0,0
0,0
0,0
0,0
0,0
0,0
0,0
0,0
0,0
0,0
0,0
0,0
0,0
0,0
0,0
0,0
0,0
0,0
0,0
0,0
0,0
0,0
0,0
0,0
0,0
0,0
0,0
0,0
0,0
0,0
0,0
0,0
0,0
0,0
0,0
0,0
0,0
0,0
0,0
0,0
0,0
0,0
0,0
0,0
0,0
0,0
0,0
0,0
0,0
0,0
0,0
0,0
0,0
0,0
0,0
0,0
0,0
0,0
0,0
0,0
0,0
0,0
0,0
0,0
0,0
0,0
0,0
0,0
0,0
0,0
0,0
0,0
0,0
0,0
0,0
0,0
0,0
0,0
0,0
0,0
0,0
0,0
0,0
0,0
0,0
0,0
0,0
0,0
0,0
0,0
0,0
0,0
0,0
0,0
0,0
0,0
0,0
0,0
0,0
0,0
0,0
0,0
0,0
0,0
0,0
0,0
0,0
0,0
0,0
0,0
0,0
0,0
0,0
0,0
0,0
0,0
0,0
0,0
0,0
0,0
0,0
0,0
0,0
0,0
0,0
0,0
0,0
0,0
0,0
0,0
0,0
0,0
0,0
0,0
0,0
0,0
0,0
0,0
0,0
0,0
0,0
0,0
0,0
0,0
0,0
0,0
0,0
0,0
0,0
0,0
0,0
0,0
0,0
0,0
0,0
0,0
0,0
0,0
0,0
0,0
0,0
0,0
0,0
0,0
0,0
0,0
0,0
0,0
0,0
0,0
0,0
0,0
0,0
0,0
0,0
0,0
0,0
0,0
0,0
0,0
0,0
0,0
0,0
0,0
0,0
0,0
0,0
0,0
0,0
0,0
0,0
0,0
0,0
0,0
0,0
0,0
0,0
0,0
0,0
0,0
0,0
0,0
0,0
0,0
0,0
0,0
0,0
0,0
0,0
0,0
0,0
0,0
0,0
0,0
0,0
0,0
0,0
0,0
0,0
0,0
0,0
0,0
0,0
0,0
0,0
0,0
0,0
0,0
0,0
0,0
0,0
0,0
0,0
0,0
0,0
0,0
0,0
0,0
0,0
0,0
0,0
0,0
0,0
0,0
0,0
0,0
0,0
0,0
0,0
0,0
0,0
0,0
0,0
0,0
0,0
0,0
0,0
0,0
0,0
0,0
0,0
0,0
0,0
0,0
0,0
0,0
0,0
0,0
0,0
0,0
0,0
0,0
0,0
0,0
0,0
0,0
0,0
0,0
0,0
0,0
0,0
0,0
0,0
0,0
0,0
0,0
0,0
0,0
0,0
0,0
0,0
0,0
0,0
0,0
0,0
0,0
0,0
0,0
0,0
0,0
0,0
0,0
0,0
0,0
0,0
0,0
0,0
0,0
0,0
0,0
0,0
0,0
0,0
0,0
0,0
0,0
0,0
0,0
0,0
0,0
0,0
0,0
0,0
0,0
0,0
0,0
0,0
0,0
0,0
0,0
0,0
0,0
0,0
0,0
0,0
0,0
0,0
0,0
0,0
0,0
0,0
0,0
0,0
0,0
0,0
0,0
0,0
0,0
0,0
0,0
0,0
0,0
0,0
0,0
0,0
0,0
0,0
0,0
0,0
0,0
0,0
0,0
0,0
0,0
0,0
0,0
0,0
0,0
0,0
0,0
0,0
0,0
0,0
0,0
0,0
0,0
0,0
0,0
0,0
0,0
0,0
0,0
0,0
0,0
0,0
0,0
0,0
0,0
0,0
0,0
0,0
0,0
0,0
0,0
0,0
0,0
0,0
0,0
0,0
0,0
0,0
0,0
0,0
0,0
0,0
0,0
0,0
0,0
0,0
0,0
0,0
0,0
0,0
0,0
0,0
0,0
0,0
0,0
0,0
0,0
0,0
0,0
0,0
0,0
0,0
0,0
0,0
0,0
0,0
0,0
0,0
0,0
0,0
0,0
0,0
0,0
0,0
0,0
0,0
0,0
0,0
0,0
0,0
0,0
0,0
0,0
0,0
0,0
0,0
0,0
0,0
0,0
0,0
0,0
0,0
0,0
0,0
0,0
0,0
0,0
0,0
0,0
0,0
0,0
0,0
0,0
0,0
0,0
0,0
0,0
0,0
0,0
0,0
0,0
0,0
0,0
0,0
0,0
0,0
0,0
0,0
0,0
0,0
0,0
0,0
0,0
0,0
0,0
0,0
0,0
0,0
0,0
0,0
0,0
0,0
0,0
0,0
0,0
0,0
0,0
0,0
0,0
0,0
0,0
0,0
0,0
0,0
0,0
0,0
0,0
0,0
0,0
0,0
0,0
0,0
0,0
0,0
0,0
0,0
0,0
0,0
0,0
0,0
0,0
0,0
0,0
0,0
0,0
0,0
0,0
0,0
0,0
0,0
0,0
0,0
0,0
0,0
0,0
0,0
0,0
0,0
0,0
0,0
0,0
0,0
0,0
0,0
0,0
0,0
0,0
0,0
0,0
0,0
0,0
0,0
0,0
0,0
0,0
0,0
0,0
0,0
0,0
0,0
0,0
0,0
0,0
0,0
0,0
0,0
0,0
0,0
0,0
0,0
0,0
0,0
0,0
0,0
0,0
0,0
0,0
0,0
0,0
0,0
0,0
0,0
0,0
0,0
0,0
0,0
0,0
0,0
0,0
0,0
0,0
0,0
0,0
0,0
0,0
0,0
0,0
0,0
0,0
0,0
0,0
0,0
0,0
0,0
0,0
0,0
0,0
0,0
0,0
0,0
0,0
0,0
0,0
0,0
0,0
0,0
0,0
0,0
0,0
0,0
0,0
0,0
0,0
0,0
0,0
0,0
0,0
0,0
0,0
0,0
0,0
0,0
0,0
0,0
0,0
0,0
0,0
0,0
0,0
0,0
0,0
0,0
0,0
0,0
0,0
0,0
0,0
0,0
0,0
0,0
0,0
0,0
0,0
0,0
0,0
0,0
0,0
0,0
0,0
0,0
0,0
0,0
0,0
0,0
0,0
0,0
0,0
0,0
0,0
0,0
0,0
0,0
0,0
0,0
0,0
0,0
0,0
0,0
0,0
0,0
0,0
0,0
0,0
0,0
0,0
0,0
0,0
0,0
0,0
0,0
0,0
0,0
0,0
0,0
0,0
0,0
0,0
0,0
0,0
0,0
0,0
0,0
0,0
0,0
0,0
0,0
0,0
0,0
0,0
0,0
0,0
0,0
0,0
0,0
0,0
0,0
0,0
0,0
0,0
0,0
0,0
0,0
0,0
0,0
0,0
0,0
0,0
0,0
0,0
0,0
0,0
0,0
0,0
0,0
0,0
0,0
0,0
0,0
0,0
0,0
0,0
0,0
0,0
0,0
0,0
0,0
0,0
0,0
0,0
0,0
0,0
0,0
0,0
0,0
0,0
0,0
0,0
0,0
0,0
0,0
0,0
0,0
0,0
0,0
0,0
0,0
0,0
0,0
0,0
0,0
0,0
0,0
0,0
0,0
0,0
0,0
0,0
0,0
0,0
0,0
0,0
0,0
0,0
0,0
0,0
0,0
0,0
0,0
0,0
0,0
0,0
0,0
0,0
0,0
0,0
0,0
0,0
0,0
0,0
0,0
0,0
0,0
0,0
0,0
0,0
0,0
0,0
0,0
0,0
0,0
0,0
0,0
0,0
0,0
0,0
0,0
0,0
0,0
0,0
0,0
0,0
0,0
0,0
0,0
0,0
0,0
0,0
0,0
0,0
0,0
0,0
0,0
0,0
0,0
0,0
0,0
0,0
0,0
0,0
0,0
0,0
0,0
0,0
0,0
0,0
0,0
0,0
0,0
0,0
0,0
0,0
0,0
0,0
0,0
0,0
0,0
0,0
0,0
0,0
0,0
0,0
0,0
0,0
0,0
0,0
0,0
0,0
0,0
0,0
0,0
0,0
0,0
0,0
0,0
0,0
0,0
0,0
0,0
0,0
0,0
0,0
0,0
0,0
0,0
0,0
0,0
0,0
0,0
0,0
0,0
0,0
0,0
0,0
0,0
0,0
0,0
0,0
0,0
0,0
0,0
0,0
0,0
0,0
0,0
0,0
0,0
0,0
0,0
0,0
0,0
0,0
0,0
0,0
0,0
0,0
0,0
0,0
0,0
0,0
0,0
0,0
0,0
0,0
0,0
0,0
0,0
0,0
0,0
0,0
0,0
0,0
0,0
0,0
0,0
0,0
0,0
0,0
0,0
0,0
0,0
0,0
0,0
0,0
0,0
0,0
0,0
0,0
0,0
0,0
0,0
0,0
0,0
0,0
0,0
0,0
0,0
0,0
0,0
0,0
0,0
0,0
0,0
0,0
0,0
0,0
0,0
0,0
0,0
0,0
0,0
0,0
0,0
0,0
0,0
0,0
0,0
0,0
0,0
0,0
0,0
0,0
0,0
0,0
0,0
0,0
0,0
0,0
0,0
0,0
0,0
0,0
0,0
0,0
0,0
0,0
0,0
0,0
0,0
0,0
0,0
0,0
0,0
0,0
0,0
0,0
0,0
0,0
0,0
0,0
0,0
0,0
0,0
0,0
0,0
0,0
0,0
0,0
0,0
0,0
0,0
0,0
0,0
0,0
0,0
0,0
0,0
0,0
0,0
0,0
0,0
0,0
0,0
0,0
0,0
0,0
0,0
0,0
0,0
0,0
0,0
0,0
0,0
0,0
0,0
0,0
0,0
0,0
0,0
0,0
0,0
0,0
0,0
0,0
0,0
0,0
0,0
0,0
0,0
0,0
0,0
0,0
0,0
0,0
0,0
0,0
0,0
0,0
0,0
0,0
0,0
0,0
0,0
0,0
0,0
0,0
0,0
0,0
0,0
0,0
0,0
0,0
0,0
0,0
0,0
0,0
0,0
0,0
0,0
0,0
0,0
0,0
0,0
0,0
0,0
0,0
0,0
0,0
0,0
0,0
0,0
0,0
0,0
0,0
0,0
0,0
0,0
0,0
0,0
0,0
0,0
0,0
0,0
0,0
0,0
0,0
0,0
0,0
0,0
0,0
0,0
0,0
0,0
0,0
0,0
0,0
0,0
0,0
0,0
0,0
0,0
0,0
0,0
0,0
0,0
0,0
0,0
0,0
0,0
0,0
0,0
0,0
0,0
0,0
0,0
0,0
0,0
0,0
0,0
0,0
0,0
0,0
0,0
0,0
0,0
0,0
0,0
0,0
0,0
0,0
0,0
0,0
0,0
0,0
0,0
0,0
0,0
0,0
0,0
0,0
0,0
0,0
0,0
0,0
0,0
0,0
0,0
0,0
0,0
0,0
0,0
0,0
0,0
0,0
0,0
0,0
0,0
0,0
0,0
0,0
0,0
0,0
0,0
0,0
0,0
0,0
0,0
0,0
0,0
0,0
0,0
0,0
0,0
0,0
0,0
0,0
0,0
0,0
0,0
0,0
0,0
0,0
0,0
0,0
0,0
0,0
0,0
0,0
0,0
0,0
0,0
0,0
0,0
0,0
0,0
0,0
0,0
0,0
0,0
0,0
0,0
0,0
0,0
0,0
0,0
0,0
0,0
0,0
0,0
0,0
0,0
0,0
0,0
0,0
0,0
0,0
0,0
0,0
0,0
0,0
0,0
0,0
0,0
0,0
0,0
0,0
0,0
0,0
0,0
0,0
0,0
0,0
0,0
0,0
0,0
0,0
0,0
0,0
0,0
0,0
0,0
0,0
0,0
0,0
0,0
0,0
0,0
0,0
0,0
0,0
0,0
0,0
0,0
0,0
0,0
0,0
0,0
0,0
0,0
0,0
0,0
0,0
0,0
0,0
0,0
0,0
0,0
0,0
0,0
0,0
0,0
0,0
0,0
0,0
0,0
0,0
0,0
0,0
0,0
0,0
0,0
0,0
0,0
0,0
0,0
0,0
0,0
0,0
0,0
0,0
0,0
0,0
0,0
0,0
0,0
0,0
0,0
0,0
0,0
0,0
0,0
0,0
0,0
0,0
0,0
0,0
0,0
0,0
0,0
0,0
0,0
0,0
0,0
0,0
0,0
0,0
0,0
0,0
0,0
0,0
0,0
0,0
0,0
0,0
0,0
0,0
0,0
0,0
0,0
0,0
0,0
0,0
0,0
0,0
0,0
0,0
0,0
0,0
0,0
0,0
0,0
0,0
0,0
0,0
0,0
0,0
0,0
0,0
0,0
0,0
0,0
0,0
0,0
0,0
0,0
0,0
0,0
0,0
0,0
0,0
0,0
0,0
0,0
0,0
0,0
0,0
0,0
0,0
0,0
0,0
0,0
0,0
0,0
0,0
0,0
0,0
0,0
0,0
0,0
0,0
0,0
0,0
0,0
0,0
0,0
0,0
0,0
0,0
0,0
0,0
0,0
0,0
0,0
0,0
0,0
0,0
0,0
0,0
0,0
0,0
0,0
0,0
0,0
0,0
0,0
0,0
0,0
0,0
0,0
0,0
0,0
0,0
0,0
0,0
0,0
0,0
0,0
0,0
0,0
0,0
0,0
0,0
0,0
0,0
0,0
0,0
0,0
0,0
0,0
0,0
0,0
0,0
0,0
0,0
0,0
0,0
0,0
0,0
0,0
0,0
0,0
0,0
0,0
0,0
0,0
0,0
0,0
0,0
0,0
0,0
0,0
0,0
0,0
0,0
0,0
0,0
0,0
0,0
0,0
0,0
0,0
0,0
0,0
0,0
0,0
0,0
0,0
0,0
0,0
0,0
0,0
0,0
0,0
0,0
0,0
0,0
0,0
0,0
0,0
0,0
0,0
0,0
0,0
0,0
0,0
0,0
0,0
0,0
0,0
0,0
0,0
0,0
0,0
0,0
2,231
2,230
2,229
2,228
2,228
2,228
2,204
1,168
1,156
1,112
0,0
0,0
0,0
0,0
0,0
0,0
0,0
0,0
0,0
0,0
0,0
1,186
1,196
2,201
2,238
2,261
2,289
2,333
2,338
2,339
2,242
1,105
1,32
0,-61
0,0
0,0
0,0
0,0
0,0
0,0
0,0
0,0
1,186
2,199
2,227
2,240
2,258
2,272
2,290
2,310
2,332
2,333
2,334
2,334
2,277
2,168
1,134
1,49
1,5
0,0
0,0
0,0
0,0
0,0
0,0
1,186
1,198
2,204
2,229
2,240
2,257
2,262
2,289
2,331
2,334
2,337
2,339
2,339
1,111
1,-10
0,5
0,0
0,0
0,0
0,0
0,0
0,0
0,0
0,0
0,0
0,0
0,0
1,197
2,228
2,248
2,264
2,332
3,341
3,353
3,371
3,376
3,376
1,146
0,-86
-1,-194
-1,-287
0,0
0,0
0,0
0,0
0,0
0,0
0,0
0,0
0,0
0,0
1,194
2,202
2,229
2,248
0,0
0,0
0,0
0,0
0,0
0,0
0,0
0,0
0,0
0,0
0,0
0,0
0,0
0,0
0,0
0,0
0,0
0,0
0,0
0,0
0,0
0,0
0,0
0,0
0,0
0,0
0,0
0,0
0,0
0,0
0,0
0,0
0,0
0,0
0,0
0,0
0,0
0,0
0,0
0,0
0,0
0,0
0,0
0,0
0,0
0,0
0,0
0,0
0,0
0,0
0,0
0,0
0,0
0,0
0,0
0,0
0,0
0,0
0,0
0,0
0,0
0,0
0,0
0,0
0,0
0,0
0,0
0,0
0,0
0,0
0,0
0,0
0,0
0,0
0,0
0,0
0,0
0,0
0,0
0,0
0,0
0,0
0,0
0,0
0,0
0,0
0,0
0,0
0,0
0,0
0,0
0,0
0,0
0,0
0,0
0,0
0,0
0,0
0,0
0,0
0,0
0,0
0,0
0,0
0,0
0,0
0,0
0,0
0,0
0,0
0,0
0,0
0,0
0,0
0,0
0,0
0,0
0,0
0,0
0,0
0,0
0,0
0,0
0,0
0,0
0,0
0,0
0,0
0,0
0,0
0,0
0,0
0,0
0,0
0,0
0,0
0,0
0,0
0,0
0,0
0,0
0,0
0,0
0,0
0,0
0,0
0,0
0,0
0,0
0,0
0,0
0,0
0,0
0,0
0,0
0,0
0,0
0,0
0,0
0,0
0,0
0,0
0,0
0,0
0,0
0,0
0,0
0,0
0,0
0,0
0,0
0,0
0,0
0,0
0,0
0,0
0,0
0,0
0,0
0,0
0,0
0,0
0,0
0,0
0,0
0,0
0,0
0,0
0,0
0,0
0,0
0,0
2,248
2,261
2,265
2,298
2,310
2,331
2,203
2,165
1,86
1,63
1,37
0,3
1,18
1,32
1,88
1,105
1,201
2,228
2,238
2,241
2,250
2,260
2,261
2,265
2,265
2,265
2,272
2,272
2,272
2,272
2,263
2,259
1,133
1,95
1,99
0,0
0,0
0,0
0,0
0,0
0,0
0,0
0,0
0,0
0,0
0,0
0,0
1,186
0,0
0,0
0,0
0,0
0,0
0,0
0,0
0,0
0,0
0,0
0,0
0,0
0,0
0,0
0,0
0,0
0,0
0,0
0,0
0,0
0,0
0,0
0,0
0,0
0,0
0,0
0,0
0,0
0,0
0,0
0,0
0,0
0,0
0,0
0,0
0,0
0,0
0,0
0,0
0,0
0,0
0,0
0,0
0,0
0,0
0,0
0,0
0,0
0,0
0,0
0,0
0,0
0,0
0,0
0,0
0,0
0,0
0,0
0,0
0,0
0,0
0,0
0,0
0,0
0,0
0,0
0,0
0,0
0,0
0,0
0,0
0,0
0,0
0,0
0,0
0,0
0,0
0,0
0,0
0,0
0,0
0,0
0,0
0,0
0,0
0,0
0,0
0,0
0,0
0,0
0,0
0,0
0,0
0,0
0,0
0,0
0,0
0,0
0,0
0,0
0,0
0,0
0,0
0,0
0,0
0,0
0,0
0,0
0,0
0,0
0,0
0,0
0,0
0,0
0,0
0,0
0,0
0,0
0,0
0,0
0,0
1,195
2,201
2,203
2,225
2,227
2,227
1,168
1,109
0,0
0,0
0,0
0,0
0,0
0,0
0,0
0,0
0,0
1,187
1,186
1,187
1,194
1,196
2,201
0,0
0,0
0,0
0,0
0,0
0,0
0,0
0,0
0,0
0,0
0,0
0,0
0,0
0,0
0,0
0,0
0,0
0,0
0,0
0,0
0,0
0,0
0,0
0,0
0,0
0,0
0,0
0,0
0,0
0,0
0,0
0,0
0,0
0,0
0,0
0,0
0,0
0,0
0,0
0,0
0,0
0,0
0,0
0,0
0,0
0,0
0,0
0,0
0,0
0,0
0,0
0,0
0,0
0,0
0,0
0,0
0,0
0,0
0,0
0,0
0,0
0,0
0,0
0,0
0,0
0,0
0,0
0,0
0,0
0,0
0,0
0,0
2,201
2,248
2,298
2,337
3,352
3,365
3,364
1,-13
-1,-197
0,0
0,0
0,0
0,0
0,0
0,0
0,0
0,0
0,0
0,0
0,0
1,197
2,225
2,238
2,256
2,258
2,258
2,260
2,260
2,261
2,261
2,259
2,236
2,238
1,194
1,103
0,0
0,0
0,0
0,0
0,0
0,0
0,0
0,0
0,0
0,0
0,0
1,193
1,199
0,0
0,0
0,0
0,0
0,0
0,0
0,0
0,0
0,0
0,0
0,0
0,0
0,0
0,0
0,0
0,0
0,0
0,0
0,0
0,0
0,0
0,0
0,0
0,0
2,250
2,261
2,272
2,290
2,310
2,331
2,310
2,290
2,272
2,170
1,135
0,0
0,0
0,0
0,0
0,0
0,0
0,0
0,0
0,0
1,186
1,198
2,204
2,237
2,249
2,262
2,309
2,333
2,336
3,339
2,339
2,299
2,331
2,179
2,170
2,154
1,35
1,38
1,107
1,108
1,228
2,240
2,250
2,260
2,264
2,290
2,333
2,336
3,339
3,342
3,351
3,352
3,356
3,362
3,361
2,337
2,276
2,175
2,162
1,142
1,127
1,132
1,132
1,171
2,235
2,257
2,260
2,263
2,278
2,298
2,332
2,337
2,338
3,340
3,343
3,350
3,352
3,353
3,352
2,306
2,245
2,166
1,152
1,127
1,123
1,107
1,106
1,129
1,196
2,240
2,250
2,260
2,265
2,298
2,333
2,338
3,342
3,353
3,364
3,372
3,375
3,376
3,376
2,253
1,106
1,50
0,-6
0,0
0,0
0,0
0,0
0,0
0,0
2,199
2,228
2,248
2,261
2,309
2,337
3,352
3,375
3,414
3,452
3,458
4,474
4,483
4,483
2,241
1,-16
0,-73
0,-170
-1,-217
-1,-246
0,0
0,0
0,-101
1,34
2,258
2,272
2,332
3,339
3,353
3,373
3,402
3,417
3,450
3,455
3,458
4,467
4,474
4,473
3,420
3,318
2,225
1,133
1,-28
0,-50
0,-63
0,-85
0,-71
1,41
2,262
2,278
2,310
2,335
3,340
3,351
3,363
3,373
3,376
3,380
3,380
3,402
3,408
3,380
3,379
3,376
3,339
0,-158
-1,-357
0,0
0,0
1,198
2,228
2,241
2,258
2,263
2,290
2,331
2,336
3,340
3,351
3,373
3,409
3,450
3,454
3,464
4,473
4,473
3,419
2,104
3,281
2,197
0,-123
1,44
2,272
3,343
3,364
3,376
3,408
3,417
3,430
3,451
3,455
3,458
4,473
4,476
4,486
4,510
4,512
4,514
4,520
4,520
3,318
2,221
2,181
2,152
1,143
1,-23
0,-182
0,-181
0,-73
1,74
2,334
2,338
3,343
3,353
3,365
3,376
3,380
3,410
3,429
3,450
3,451
3,454
3,456
3,456
3,443
2,280
2,247
2,199
2,171
1,110
1,96
1,157
2,168
2,277
2,338
3,340
3,343
3,352
3,361
3,365
3,373
3,375
3,376
3,378
3,380
3,380
3,402
3,402
2,259
2,308
1,135
1,61
1,144
1,128
1,37
1,96
1,90
1,73
2,258
2,258
2,260
2,262
2,263
2,264
2,272
2,272
2,278
2,278
2,289
2,289
2,289
2,289
2,259
1,129
1,102
1,104
0,0
0,0
0,0
0,0
0,0
0,0
1,194
1,197
2,199
2,202
2,225
2,228
2,231
2,240
2,249
2,250
2,257
2,258
2,258
2,258
2,258
2,256
2,245
2,215
2,215
2,216
2,209
2,240
2,248
2,248
2,249
2,256
2,262
2,298
2,262
2,263
2,265
2,298
2,331
2,335
2,337
3,339
3,341
3,341
2,330
1,71
1,65
0,3
0,0
0,0
0,0
0,0
0,0
0,0
0,0
1,193
1,196
2,199
2,204
2,227
2,230
2,237
2,239
2,241
2,248
2,248
2,249
2,249
2,239
2,238
2,195
1,170
1,115
1,88
0,0
0,0
0,0
0,0
0,0
0,0
0,0
1,186
1,194
1,196
1,198
0,0
0,0
0,0
0,0
0,0
0,0
0,0
0,0
0,0
0,0
0,0
0,0
0,0
0,0
0,0
0,0
0,0
0,0
0,0
0,0
0,0
0,0
0,0
0,0
0,0
0,0
0,0
0,0
0,0
0,0
0,0
0,0
0,0
0,0
0,0
0,0
0,0
0,0
0,0
0,0
0,0
0,0
0,0
0,0
0,0
0,0
0,0
0,0
2,226
2,238
2,250
2,258
2,262
2,263
2,263
2,261
2,214
1,40
0,0
0,0
0,0
0,0
0,0
0,0
0,0
0,0
1,196
2,203
2,228
2,240
2,258
2,264
2,309
2,335
3,342
3,351
3,361
3,364
3,364
2,205
1,25
0,-58
0,-178
0,0
0,0
0,0
0,0
0,0
0,0
1,195
2,201
2,228
2,238
2,256
2,262
2,298
2,333
2,339
3,351
3,361
3,365
3,373
3,374
1,152
0,-59
0,-189
-1,-285
0,0
0,0
0,0
0,0
0,0
0,0
1,193
1,195
1,198
2,200
2,203
2,225
2,227
2,227
2,227
2,227
2,227
2,227
2,226
2,226
2,204
1,162
0,0
0,0
0,0
0,0
0,0
0,0
0,0
0,0
0,0
0,0
0,0
0,0
0,0
0,0
0,0
0,0
0,0
0,0
0,0
0,0
0,0
0,0
0,0
0,0
0,0
0,0
0,0
0,0
0,0
0,0
0,0
0,0
0,0
0,0
0,0
0,0
0,0
0,0
0,0
0,0
0,0
0,0
0,0
0,0
0,0
0,0
0,0
0,0
0,0
0,0
0,0
0,0
0,0
0,0
0,0
0,0
0,0
0,0
0,0
0,0
0,0
0,0
0,0
2,226
2,231
2,241
2,249
2,257
2,258
2,260
2,258
1,119
0,0
0,0
0,0
0,0
0,0
0,0
0,0
0,0
0,0
1,193
1,198
2,202
2,227
2,237
2,248
2,257
2,262
2,272
2,289
2,309
2,310
2,332
2,310
2,217
2,199
1,107
1,98
1,95
1,135
1,109
1,199
2,226
2,231
2,248
2,258
2,262
2,290
2,332
2,337
3,343
3,356
3,365
3,373
3,376
3,376
3,378
3,365
1,-3
0,-95
0,0
0,0
0,0
0,0
0,0
0,0
0,0
0,0
1,187
1,195
1,196
1,198
2,199
2,202
2,225
2,229
2,239
2,248
2,250
2,257
2,258
2,258
2,248
2,199
1,195
1,146
1,108
1,104
1,119
1,163
2,201
2,202
2,203
2,204
2,225
2,226
2,227
2,228
2,240
2,227
2,228
2,204
2,204
2,225
2,202
2,200
1,196
1,187
0,0
0,0
0,0
0,0
0,0
0,0
0,0
0,0
0,0
0,0
1,187
1,193
1,194
1,195
2,226
2,248
2,262
2,290
2,332
2,334
2,338
2,335
0,-109
-1,-233
0,0
0,0
0,0
0,0
0,0
0,0
0,0
0,0
0,0
1,194
1,197
2,201
2,225
2,229
2,241
2,258
2,264
2,289
2,310
2,332
2,334
2,332
2,167
1,133
1,34
0,0
0,0
0,0
0,0
0,0
1,199
2,225
2,237
2,249
2,260
2,278
2,332
2,339
3,350
3,363
3,375
3,378
3,402
3,410
3,416
3,408
1,62
0,-41
0,-178
0,0
0,0
0,0
0,0
0,0
1,198
2,202
2,225
2,229
2,238
2,248
2,256
2,260
2,263
2,272
2,298
2,310
2,331
2,333
2,334
2,334
2,331
2,309
2,290
2,245
2,239
2,268
2,272
2,289
2,298
2,310
2,333
2,335
2,338
3,340
3,342
3,356
3,353
3,356
3,362
3,362
3,363
3,364
3,364
3,363
3,343
2,304
2,298
2,229
2,188
2,175
2,224
2,261
2,272
2,309
2,332
2,336
3,339
3,343
3,356
3,364
3,375
3,380
3,414
3,429
3,448
3,450
3,451
3,451
3,306
2,256
2,178
1,104
1,93
1,148
2,163
2,245
2,335
2,338
3,339
3,341
3,343
3,351
3,356
3,362
3,363
3,364
3,365
3,371
3,371
3,371
3,372
3,373
3,353
2,308
2,299
2,270
2,251
2,255
2,298
2,331
2,335
2,335
2,335
2,335
2,336
2,336
2,336
2,336
2,336
2,336
2,335
2,335
2,335
2,335
2,335
2,334
2,310
2,289
2,231
2,228
2,226
2,253
2,258
2,260
2,263
2,278
2,265
2,289
2,290
2,309
2,310
2,332
2,334
2,337
3,340
3,342
3,343
3,351
3,352
3,352
3,343
2,340
2,306
2,304
2,303
2,303
2,336
2,338
3,339
3,341
3,343
3,343
3,352
3,351
3,352
3,353
3,356
3,361
3,352
3,352
3,351
3,351
3,350
3,343
2,338
2,328
2,257
2,232
2,229
2,228
2,257
2,263
2,278
2,290
2,310
2,332
2,334
2,336
2,338
3,339
3,351
3,365
3,376
3,380
3,409
3,416
3,428
3,428
1,86
0,-90
-1,-200
-1,-246
0,0
0,0
0,0
0,-10
2,229
2,238
2,240
2,249
2,258
2,260
2,263
2,272
2,289
2,298
2,310
2,310
2,331
2,331
2,331
2,331
2,272
2,227
2,209
2,162
1,143
1,193
2,229
2,238
2,248
2,256
2,258
2,262
2,265
2,289
2,310
2,332
3,343
3,373
3,414
3,449
3,455
4,465
4,475
4,476
2,223
1,15
0,-82
0,-121
0,-169
0,-169
0,-62
1,102
3,341
3,351
3,362
3,372
3,376
3,380
3,414
3,430
3,430
3,430
3,430
3,430
3,430
3,429
3,429
3,429
3,414
3,402
3,378
3,376
3,374
3,373
3,374
3,376
3,377
3,379
3,380
3,402
3,417
3,416
3,414
3,428
3,451
3,455
4,467
4,475
4,485
4,486
4,509
4,510
4,508
4,481
3,447
3,439
3,438
3,441
4,476
4,485
4,508
4,487
4,487
4,487
4,487
4,487
4,487
4,487
4,485
4,476
4,474
4,472
4,465
3,464
3,458
3,457
3,453
3,448
3,430
3,403
3,375
3,378
3,379
3,402
3,410
3,409
3,408
3,380
3,380
3,378
3,377
3,376
3,402
3,379
3,379
3,379
3,379
3,380
3,380
3,380
3,377
3,375
3,372
3,365
3,363
3,362
3,363
3,365
3,372
3,374
3,375
3,376
3,378
3,380
3,380
3,402
3,428
3,451
3,457
4,467
4,475
4,483
4,486
4,486
4,483
4,474
3,389
3,333
3,312
2,212
2,182
2,222
3,428
3,430
3,450
3,452
3,455
3,457
4,465
4,473
4,474
4,474
4,475
4,475
4,475
4,475
4,475
4,475
3,356
2,188
2,275
2,177
2,256
2,317
3,364
3,376
3,408
3,402
3,380
3,380
3,379
3,378
3,377
3,376
3,376
3,377
3,378
3,379
3,378
3,378
3,378
3,378
3,374
3,362
2,317
2,309
2,304
2,302
2,303
2,339
3,341
3,343
3,352
3,361
3,364
3,371
3,374
3,376
3,409
3,430
3,453
3,456
4,465
4,472
4,475
4,475
3,453
3,352
2,213
2,164
2,176
2,265
3,331
3,377
3,409
3,429
3,451
3,456
4,472
4,483
4,508
4,514
4,524
4,532
4,554
4,567
4,570
4,583
4,585
4,585
3,326
2,91
1,-5
0,-94
0,-121
0,-88
1,-37
3,374
3,380
3,414
3,430
3,452
3,458
4,474
4,485
4,510
4,520
4,525
4,544
4,547
4,566
4,568
4,570
4,572
4,455
3,321
3,338
2,258
1,14
2,174
3,368
3,455
3,458
4,467
4,475
4,484
4,487
4,511
4,514
4,522
4,525
4,532
4,545
4,547
4,565
4,566
4,567
4,567
3,322
2,150
1,14
1,-7
1,-7
1,-17
1,144
3,376
3,378
3,402
3,414
3,428
3,448
3,451
3,454
3,457
4,467
4,475
4,483
4,485
4,486
4,508
4,509
4,509
3,281
1,84
1,-65
0,-99
0,-136
0,-65
1,100
2,339
3,340
3,343
3,350
3,352
3,356
3,362
3,365
3,372
3,373
3,375
3,376
3,376
3,376
3,377
3,377
3,377
3,375
3,373
2,317
2,308
2,156
1,114
1,70
2,290
2,309
2,331
2,333
2,334
2,336
2,338
3,340
3,342
3,350
3,351
3,352
3,351
3,350
3,350
3,343
3,343
2,335
0,-134
-1,-227
0,-191
0,-98
1,13
1,99
1,197
1,198
1,199
1,199
2,199
2,199
2,200
2,200
2,201
2,228
2,240
2,258
2,262
2,265
2,298
2,310
2,333
2,310
2,170
2,227
1,132
1,141
0,34
1,120
2,241
2,250
2,258
2,262
2,272
2,298
2,331
2,335
2,339
3,340
3,342
3,350
3,351
3,352
3,353
3,353
3,356
3,350
2,338
2,275
2,237
2,230
2,233
2,290
2,333
2,334
2,336
2,338
3,340
3,343
3,352
3,361
3,364
3,372
3,376
3,379
3,402
3,408
3,409
3,414
3,416
3,410
3,376
3,338
3,330
3,328
1,71
1,20
2,337
3,339
3,341
3,343
3,352
3,361
3,364
3,372
3,374
3,376
3,379
3,402
3,408
3,410
3,414
3,417
3,428
3,449
3,428
3,414
3,408
3,402
3,402
3,408
3,409
3,414
3,417
3,429
3,430
3,448
3,451
3,451
3,455
3,464
4,476
4,508
4,511
4,520
4,523
4,525
4,532
4,531
4,525
4,524
3,422
1,34
1,-40
1,9
3,429
3,448
3,451
3,453
3,456
3,458
4,467
4,474
4,476
4,484
4,484
4,485
4,486
4,486
4,486
4,486
4,486
4,485
3,362
2,194
2,256
2,320
2,312
3,328
3,378
3,380
3,380
3,408
3,410
3,414
3,428
3,429
3,430
3,448
3,451
3,452
3,453
3,454
3,455
3,456
3,456
3,455
3,412
2,268
2,235
1,102
2,194
2,214
3,340
3,340
3,341
3,342
3,343
3,343
3,350
3,351
3,351
3,353
3,363
3,356
3,361
3,356
3,356
3,353
3,353
3,352
3,343
2,341
2,339
2,337
2,337
2,338
3,339
3,340
3,341
3,342
3,343
3,350
3,351
3,352
3,353
3,361
3,363
3,364
3,365
3,365
3,371
3,371
3,371
3,362
2,201
1,-24
0,-26
1,112
1,98
2,238
2,258
2,260
2,262
2,264
2,272
2,289
2,298
2,310
2,332
2,335
2,339
3,342
3,343
3,350
3,352
3,356
3,361
3,350
1,82
1,47
2,165
2,207
2,254
2,163
2,264
2,290
2,310
2,334
2,339
3,342
3,352
3,363
3,373
3,377
3,408
3,417
3,430
3,449
3,451
3,452
3,454
3,451
3,281
1,140
1,3
0,-67
0,-54
1,-13
2,289
2,310
2,334
2,339
3,343
3,356
3,365
3,375
3,379
3,409
3,429
3,450
3,452
3,454
3,456
3,458
4,465
3,464
3,457
3,452
3,451
3,451
2,140
2,101
3,408
3,416
3,430
3,450
3,453
3,456
3,464
4,473
4,476
4,485
4,487
4,510
4,511
4,512
4,514
4,520
4,520
4,520
3,380
2,238
2,207
2,265
2,258
3,310
3,410
3,414
3,417
3,428
3,430
3,430
3,449
3,450
3,451
3,451
3,452
3,453
3,453
3,453
3,453
3,454
3,454
3,452
3,428
3,409
3,345
3,342
3,341
3,375
3,379
3,380
3,409
3,414
3,429
3,430
3,451
3,452
3,453
4,467
4,485
4,513
4,523
4,531
4,546
4,566
4,570
4,570
4,472
4,417
3,289
2,197
3,296
4,443
4,511
4,513
4,520
4,523
4,528
4,544
4,546
4,565
4,568
4,567
4,566
4,566
4,565
4,554
4,554
4,547
4,547
4,545
4,507
4,452
3,369
3,351
3,394
3,446
3,464
3,464
3,464
3,464
3,464
3,464
3,464
4,465
3,464
4,465
4,467
4,472
4,472
4,472
4,472
4,472
4,472
3,458
3,311
3,345
2,266
1,58
1,102
2,243
3,343
3,350
3,351
3,353
3,361
3,362
3,364
3,371
3,373
3,376
3,378
3,380
3,408
3,410
3,416
3,417
3,429
3,417
3,343
3,329
2,312
2,316
2,315
3,356
3,371
3,372
3,374
3,375
3,376
3,376
3,379
3,379
3,380
3,380
3,379
3,380
3,378
3,378
3,378
3,377
3,377
3,376
2,350
2,305
2,301
2,275
2,266
2,309
2,334
2,336
2,338
3,340
3,343
3,351
3,356
3,363
3,371
3,378
3,417
3,451
3,456
4,465
4,476
4,484
4,487
4,487
3,413
3,348
3,357
3,332
2,250
3,397
3,455
3,456
3,464
4,467
4,473
4,475
4,483
4,485
4,486
4,486
4,483
4,475
4,473
4,465
3,458
3,458
3,456
3,454
3,450
3,429
3,409
3,379
1,75
1,42
2,338
3,341
3,343
3,352
3,361
3,365
3,373
3,376
3,378
3,416
3,451
4,465
4,475
4,485
4,509
4,512
4,520
4,521
4,513
4,511
4,505
4,475
2,198
2,167
4,476
4,487
4,511
4,521
4,528
4,545
4,567
4,584
4,608
5,616
5,618
5,620
5,622
5,624
5,625
5,625
5,626
5,625
4,488
4,512
3,417
2,199
2,132
2,156
4,483
4,484
4,486
4,486
4,508
4,510
4,511
4,512
4,513
4,514
4,514
4,520
4,520
4,520
4,520
4,520
4,520
4,513
4,485
3,439
3,419
3,414
3,417
3,451
3,458
3,458
4,467
4,474
4,483
4,485
4,487
4,510
4,512
4,525
4,567
5,609
5,619
5,625
5,634
5,639
5,645
5,649
4,550
4,517
4,585
4,513
4,526
4,427
5,622
5,626
5,636
5,644
5,662
5,711
5,720
5,731
6,736
6,737
6,737
6,739
6,740
6,747
6,747
6,748
6,749
6,749
5,625
5,614
5,572
3,269
3,314
4,585
5,644
5,640
5,639
5,639
5,639
5,639
5,638
5,637
5,637
5,635
5,633
5,625
5,625
5,623
5,622
5,621
5,620
5,619
4,585
4,513
4,491
4,487
4,481
4,520
4,525
4,531
4,525
4,525
4,524
4,524
4,524
4,524
4,523
4,525
4,525
4,528
4,531
4,531
4,532
4,544
4,544
4,544
4,522
4,507
4,454
3,451
4,443
4,483
4,487
4,508
4,508
4,509
4,510
4,511
4,514
4,512
4,514
4,513
4,513
4,513
4,513
4,512
4,512
4,511
4,511
4,510
3,431
3,333
3,344
3,296
3,409
3,428
3,451
3,452
3,455
3,456
3,464
4,467
4,474
4,476
4,485
4,510
4,522
4,544
4,565
4,570
4,586
5,609
5,617
5,619
5,617
4,583
4,582
4,582
4,583
4,618
5,621
5,620
5,617
5,616
5,609
4,587
4,587
4,583
4,570
